Gene Name,Drug,Interaction Score,Interaction Type,Drug Type,Variant1,Variant2,Variant3,Variant4,Variant5,Variant6,Variant7,Variant8,Variant9,Variant10,Variant11,Variant12,Variant13,Variant14,Variant15,Variant16
AR,ACETOPHENAZINE,0.038712494,Unknown,Antipsychotic,,,,,,,,,,,,,,,,
ANKS1B,AMISULPRIDE,1.003919203055491,Unknown,Antipsychotic,rs7968606,,,,,,,,,,,,,,,
HTR1D,AMISULPRIDE,0.077224554,inhibitor (INHIBITORY),Antipsychotic,,,,,,,,,,,,,,,,
HTR2A,AMISULPRIDE,0.019306139,inhibitor (INHIBITORY),Antipsychotic,,,,,,,,,,,,,,,,
HTR2B,AMISULPRIDE,0.083659934,inhibitor (INHIBITORY),Antipsychotic,,,,,,,,,,,,,,,,
HTR3A,AMISULPRIDE,0.044618631,inhibitor (INHIBITORY),Antipsychotic,,,,,,,,,,,,,,,,
HTR4,AMISULPRIDE,0.051483036,inhibitor (INHIBITORY),Antipsychotic,,,,,,,,,,,,,,,,
RABEP1,AMISULPRIDE,0.3650615283838149,Unknown,Antipsychotic,,,,,,,,,,,,,,,,
SNAP25,AMISULPRIDE,0.6692794687036607,Unknown,Antipsychotic,rs8636,,,,,,,,,,,,,,,
AMD1,ARIPIPRAZOLE LAUROXIL,0.031581245,inhibitor (INHIBITORY),Antipsychotic,,,,,,,,,,,,,,,,
HTR2A,ARIPIPRAZOLE LAUROXIL,0.079256779,inhibitor (INHIBITORY),Antipsychotic,,,,,,,,,,,,,,,,
RABEP1,ARIPIPRAZOLE LAUROXIL,0.499557881,Unknown,Antipsychotic,,,,,,,,,,,,,,,,
CYP3A4,BREXPIPRAZOLE,0.01668386,Unknown,Antipsychotic,Unknown Variant,Unknown Variant,Unknown Variant,,,,,,,,,,,,,
HTR2A,BREXPIPRAZOLE,0.1434170290079273,inhibitor (INHIBITORY),Antipsychotic,,,,,,,,,,,,,,,,
AMD1,CHLORPROMAZINE,0.016217396,inhibitor (INHIBITORY),Antipsychotic,,,,,,,,,,,,,,,,
ATP2B1,CHLORPROMAZINE,0.044091046,blocker (INHIBITORY),Antipsychotic,,,,,,,,,,,,,,,,
BDNF,CHLORPROMAZINE,0.022941683,Unknown,Antipsychotic,,,,,,,,,,,,,,,,
CCK,CHLORPROMAZINE,0.9406089830429826,Unknown,Antipsychotic,,,,,,,,,,,,,,,,
CYP3A4,CHLORPROMAZINE,0.003156406,Unknown,Antipsychotic,,,,,,,,,,,,,,,,
HSPA4,CHLORPROMAZINE,0.065623883,Unknown,Antipsychotic,,,,,,,,,,,,,,,,
HTR2A,CHLORPROMAZINE,0.013566476,inhibitor (INHIBITORY),Antipsychotic,,,,,,,,,,,,,,,,
IDH1,CHLORPROMAZINE,0.003424547,Unknown,Antipsychotic,,,,,,,,,,,,,,,,
NR1I2,CHLORPROMAZINE,0.01248596,Unknown,Antipsychotic,,,,,,,,,,,,,,,,
SERPINA3,CHLORPROMAZINE,0.024752868,inhibitor (INHIBITORY),Antipsychotic,,,,,,,,,,,,,,,,
AR,CHLORPROMAZINE HYDROCHLORIDE,0.003415808,Unknown,Antipsychotic,,,,,,,,,,,,,,,,
HTR2A,CHLORPROMAZINE HYDROCHLORIDE,0.029527035,inhibitor (INHIBITORY),Antipsychotic,,,,,,,,,,,,,,,,
IDH1,CHLORPROMAZINE HYDROCHLORIDE,0.007453426,Unknown,Antipsychotic,,,,,,,,,,,,,,,,
MPHOSPH8,CHLORPROMAZINE HYDROCHLORIDE,0.026023828,Unknown,Antipsychotic,,,,,,,,,,,,,,,,
PPARD,CHLORPROMAZINE HYDROCHLORIDE,0.02308881,Unknown,Antipsychotic,,,,,,,,,,,,,,,,
AMD1,CHLORPROTHIXENE,0.060004366,inhibitor (INHIBITORY),Antipsychotic,,,,,,,,,,,,,,,,
HTR2A,CHLORPROTHIXENE,0.1505878804583236,inhibitor (INHIBITORY),Antipsychotic,,,,,,,,,,,,,,,,
HTR2B,CHLORPROTHIXENE,0.4350316546573794,Unknown,Antipsychotic,,,,,,,,,,,,,,,,
CCKBR,CLOZAPINE,0.024462886,Unknown,Antipsychotic,rs2929183,,,,,,,,,,,,,,,
CYP2C18,CLOZAPINE,0.1793944967659296,Unknown,Antipsychotic,rs1126545,,,,,,,,,,,,,,,
CYP3A4,CLOZAPINE,0.00361197,Unknown,Antipsychotic,Unknown Variant,,,,,,,,,,,,,,,
ELAVL2,CLOZAPINE,0.1537667115136539,Unknown,Antipsychotic,rs73482673,,,,,,,,,,,,,,,
GRIN2B,CLOZAPINE,0.013799577,Unknown,Antipsychotic,rs1072388,,,,,,,,,,,,,,,
HTR2A,CLOZAPINE,0.04139873,inhibitor (INHIBITORY),Antipsychotic,rs6314,,,,,,,,,,,,,,,
HTR3A,CLOZAPINE,0.035878899,Unknown,Antipsychotic,rs1150226,rs2276302,rs1062613,rs2276302,,,,,,,,,,,,
KCNJ3,CLOZAPINE,0.2690917451488945,Unknown,Antipsychotic,rs1778929,rs10465180,,,,,,,,,,,,,,
NTRK2,CLOZAPINE,0.021966673,Unknown,Antipsychotic,,,,,,,,,,,,,,,,
RABEP1,CLOZAPINE,0.097851544,Unknown,Antipsychotic,,,,,,,,,,,,,,,,
SERPINA3,CLOZAPINE,0.009441816,inhibitor (INHIBITORY),Antipsychotic,,,,,,,,,,,,,,,,
TRAC,CLOZAPINE,0.2690917451488945,Unknown,Antipsychotic,rs377360,,,,,,,,,,,,,,,
CYP3A4,FLUPENTHIXOL,0.003892901,Unknown,Antipsychotic,,,,,,,,,,,,,,,,
AMD1,FLUPHENAZINE HYDROCHLORIDE,0.027274712,inhibitor (INHIBITORY),Antipsychotic,,,,,,,,,,,,,,,,
IDH1,FLUPHENAZINE HYDROCHLORIDE,0.005759466,Unknown,Antipsychotic,,,,,,,,,,,,,,,,
SERPINA3,FLUPHENAZINE HYDROCHLORIDE,0.041629823,inhibitor (INHIBITORY),Antipsychotic,,,,,,,,,,,,,,,,
UBE2N,FLUPHENAZINE HYDROCHLORIDE,0.094915997,Unknown,Antipsychotic,,,,,,,,,,,,,,,,
AMD1,FLUSPIRILENE,0.027274712,inhibitor (INHIBITORY),Antipsychotic,,,,,,,,,,,,,,,,
AR,FLUSPIRILENE,0.002639488,Unknown,Antipsychotic,,,,,,,,,,,,,,,,
ATAD5,FLUSPIRILENE,0.008043729,Unknown,Antipsychotic,,,,,,,,,,,,,,,,
IDH1,FLUSPIRILENE,0.005759466,Unknown,Antipsychotic,,,,,,,,,,,,,,,,
MPHOSPH8,FLUSPIRILENE,0.020109321,Unknown,Antipsychotic,,,,,,,,,,,,,,,,
PPARD,FLUSPIRILENE,0.017841353,Unknown,Antipsychotic,,,,,,,,,,,,,,,,
SMAD3,FLUSPIRILENE,0.010362008,Unknown,Antipsychotic,,,,,,,,,,,,,,,,
AMD1,HALOPERIDOL DECANOATE,0.007895311,inhibitor (INHIBITORY),Antipsychotic,,,,,,,,,,,,,,,,
AR,HALOPERIDOL DECANOATE,0.000764062,Unknown,Antipsychotic,,,,,,,,,,,,,,,,
BDNF,HALOPERIDOL DECANOATE,0.011168977,Unknown,Antipsychotic,,,,,,,,,,,,,,,,
BOK,HALOPERIDOL DECANOATE,0.137378417,agonist (ACTIVATING),Antipsychotic,,,,,,,,,,,,,,,,
CYP3A4,HALOPERIDOL DECANOATE,0.000768336,Unknown,Antipsychotic,Unknown Variant,rs2242480,,,,,,,,,,,,,,
DPP6,HALOPERIDOL DECANOATE,0.026936945,Unknown,Antipsychotic,,,,,,,,,,,,,,,,
GRIA1,HALOPERIDOL DECANOATE,0.088631237,Unknown,Antipsychotic,,,,,,,,,,,,,,,,
GRIN2A,HALOPERIDOL DECANOATE,0.019909916,Unknown,Antipsychotic,,,,,,,,,,,,,,,,
GRIN2B,HALOPERIDOL DECANOATE,0.017612618,Unknown,Antipsychotic,,,,,,,,,,,,,,,,
HSPA4,HALOPERIDOL DECANOATE,0.031948469,Unknown,Antipsychotic,,,,,,,,,,,,,,,,
HTR2A,HALOPERIDOL DECANOATE,0.006604732,inhibitor (INHIBITORY),Antipsychotic,,,,,,,,,,,,,,,,
HTR3A,HALOPERIDOL DECANOATE,0.030528537,Unknown,Antipsychotic,,,,,,,,,,,,,,,,
SERPINA3,HALOPERIDOL DECANOATE,0.012050738,inhibitor (INHIBITORY),Antipsychotic,,,,,,,,,,,,,,,,
HTR2A,HALOPERIDOL LACTATE,0.1254899003819364,inhibitor (INHIBITORY),Antipsychotic,,,,,,,,,,,,,,,,
CELF4,ILOPERIDONE,4.971790338941479,Unknown,Antipsychotic,rs4799915,,,,,,,,,,,,,,,
HTR2A,ILOPERIDONE,0.071708515,inhibitor (INHIBITORY),Antipsychotic,,,,,,,,,,,,,,,,
SERPINA3,ILOPERIDONE,0.043612196,inhibitor (INHIBITORY),Antipsychotic,,,,,,,,,,,,,,,,
BDNF,LITHIUM,0.02021053,Unknown,Antipsychotic,rs6265,,,,,,,,,,,,,,,
CACNG2,LITHIUM,0.2193436914238887,Unknown,Antipsychotic,rs2284018,rs2284017,,,,,,,,,,,,,,
FAM178B,LITHIUM,2.485895169470739,Unknown,Antipsychotic,rs6728642,,,,,,,,,,,,,,,
FAS,LITHIUM,0.042860262,Unknown,Antipsychotic,,,,,,,,,,,,,,,,
GFAP,LITHIUM,0.05918798,Unknown,Antipsychotic,,,,,,,,,,,,,,,,
GNRH1,LITHIUM,0.130836588,Unknown,Antipsychotic,,,,,,,,,,,,,,,,
HSPA4,LITHIUM,0.1156230311381739,Unknown,Antipsychotic,,,,,,,,,,,,,,,,
HTR2A,LITHIUM,0.023902838,Unknown,Antipsychotic,rs6313,,,,,,,,,,,,,,,
IL1B,LITHIUM,0.048743043,Unknown,Antipsychotic,,,,,,,,,,,,,,,,
NTRK2,LITHIUM,0.050732554,Unknown,Antipsychotic,rs1187327,rs1387923,rs2289656,rs1565445,rs1187326,,,,,,,,,,,
RABEP1,LITHIUM,0.2259904699518854,Unknown,Antipsychotic,,,,,,,,,,,,,,,,
GSK3B,LITHIUM CARBONATE,0.2269730372125457,inhibitor (INHIBITORY),Antipsychotic,,,,,,,,,,,,,,,,
IMPA1,LITHIUM CARBONATE,5.220379855888553,inhibitor (INHIBITORY),Antipsychotic,,,,,,,,,,,,,,,,
GSK3B,LITHIUM CITRATE,0.3782883953542429,inhibitor (INHIBITORY),Antipsychotic,rs3755557,rs334558,rs6438552,,,,,,,,,,,,,
IMPA1,LITHIUM CITRATE,8.700633093147589,inhibitor (INHIBITORY),Antipsychotic,,,,,,,,,,,,,,,,
AMD1,LOXAPINE,0.046157205,inhibitor (INHIBITORY),Antipsychotic,,,,,,,,,,,,,,,,
HTR2A,LOXAPINE,0.077224554,inhibitor (INHIBITORY),Antipsychotic,,,,,,,,,,,,,,,,
HTR2A,LOXAPINE HYDROCHLORIDE,0.1003919203055491,inhibitor (INHIBITORY),Antipsychotic,,,,,,,,,,,,,,,,
HTR2A,LOXAPINE SUCCINATE,0.083659934,inhibitor (INHIBITORY),Antipsychotic,,,,,,,,,,,,,,,,
HTR2A,MESORIDAZINE,0.1003919203055491,Unknown,Antipsychotic,,,,,,,,,,,,,,,,
HTR2A,MESORIDAZINE BESYLATE,0.2509798007638728,inhibitor (INHIBITORY),Antipsychotic,,,,,,,,,,,,,,,,
HTR2B,METHOTRIMEPRAZINE,0.3107368961838425,Unknown,Antipsychotic,,,,,,,,,,,,,,,,
AMD1,MOLINDONE,0.1000072769327309,inhibitor (INHIBITORY),Antipsychotic,,,,,,,,,,,,,,,,
HTR2A,MOLINDONE,0.083659934,inhibitor (INHIBITORY),Antipsychotic,,,,,,,,,,,,,,,,
AMD1,OLANZAPINE,0.007895311,inhibitor (INHIBITORY),Antipsychotic,,,,,,,,,,,,,,,,
BDNF,OLANZAPINE,0.011168977,Unknown,Antipsychotic,rs6265,,,,,,,,,,,,,,,
CCKBR,OLANZAPINE,0.031222368,Unknown,Antipsychotic,rs2929183,,,,,,,,,,,,,,,
GIPR,OLANZAPINE,0.6868920863011254,Unknown,Antipsychotic,rs10423928,,,,,,,,,,,,,,,
GSTP1,OLANZAPINE,0.022896403,Unknown,Antipsychotic,rs1695,,,,,,,,,,,,,,,
HTR1D,OLANZAPINE,0.026418926,Unknown,Antipsychotic,,,,,,,,,,,,,,,,
HTR2A,OLANZAPINE,0.019814195,inhibitor (INHIBITORY),Antipsychotic,rs7997012,rs6313,rs6314,,,,,,,,,,,,,
HTR3A,OLANZAPINE,0.015264269,Unknown,Antipsychotic,,,,,,,,,,,,,,,,
PTPRN2,OLANZAPINE,1.373784173,Unknown,Antipsychotic,rs221253,,,,,,,,,,,,,,,
RABEP1,OLANZAPINE,0.1248894702365682,Unknown,Antipsychotic,,,,,,,,,,,,,,,,
RGS4,OLANZAPINE,0.013468472,Unknown,Antipsychotic,rs2842030,rs951439,,,,,,,,,,,,,,
SERPINA3,OLANZAPINE,0.012050738,inhibitor (INHIBITORY),Antipsychotic,,,,,,,,,,,,,,,,
HTR2A,OLANZAPINE PAMOATE,0.1003919203055491,inhibitor (INHIBITORY),Antipsychotic,rs7997012,rs6313,rs6314,,,,,,,,,,,,,
HTR2A,PALIPERIDONE,0.1254899003819364,inhibitor (INHIBITORY),Antipsychotic,,,,,,,,,,,,,,,,
RABEP1,PALIPERIDONE,0.790966645,Unknown,Antipsychotic,,,,,,,,,,,,,,,,
AMD1,PERPHENAZINE,0.023078602,inhibitor (INHIBITORY),Antipsychotic,,,,,,,,,,,,,,,,
CDH13,PERPHENAZINE,0.3088982163247665,Unknown,Antipsychotic,rs2116971,,,,,,,,,,,,,,,
MCPH1,PERPHENAZINE,4.015676812221964,Unknown,Antipsychotic,rs17570753,,,,,,,,,,,,,,,
MPHOSPH8,PERPHENAZINE,0.01701558,Unknown,Antipsychotic,,,,,,,,,,,,,,,,
PRKCE,PERPHENAZINE,0.191222705,Unknown,Antipsychotic,rs2278773,,,,,,,,,,,,,,,
RGS4,PERPHENAZINE,0.039369381,Unknown,Antipsychotic,rs2842030,rs951439,,,,,,,,,,,,,,
SERPINA3,PERPHENAZINE,0.035225235,inhibitor (INHIBITORY),Antipsychotic,,,,,,,,,,,,,,,,
UBE2N,PERPHENAZINE,0.080313536,Unknown,Antipsychotic,,,,,,,,,,,,,,,,
CYP3A4,PROCHLORPERAZINE,0.004170965,Unknown,Antipsychotic,,,,,,,,,,,,,,,,
HTR2A,PROCHLORPERAZINE,0.017927129,Unknown,Antipsychotic,,,,,,,,,,,,,,,,
IDH1,PROCHLORPERAZINE,0.004525295,Unknown,Antipsychotic,,,,,,,,,,,,,,,,
MPHOSPH8,PROCHLORPERAZINE,0.015800181,Unknown,Antipsychotic,,,,,,,,,,,,,,,,
HTR2A,PROMAZINE,0.052837853,Unknown,Antipsychotic,,,,,,,,,,,,,,,,
AR,PROMAZINE HYDROCHLORIDE,0.007258593,Unknown,Antipsychotic,,,,,,,,,,,,,,,,
HTR2A,PROMAZINE HYDROCHLORIDE,0.06274495,inhibitor (INHIBITORY),Antipsychotic,,,,,,,,,,,,,,,,
AMD1,QUETIAPINE FUMARATE,0.016667879,inhibitor (INHIBITORY),Antipsychotic,,,,,,,,,,,,,,,,
CYP3A4,QUETIAPINE FUMARATE,0.001622042,Unknown,Antipsychotic,Unknown Variant,,,,,,,,,,,,,,,
GRIN2B,QUETIAPINE FUMARATE,0.037182193,Unknown,Antipsychotic,rs1806201,,,,,,,,,,,,,,,
HTR2A,QUETIAPINE FUMARATE,0.041829967,inhibitor (INHIBITORY),Antipsychotic,,,,,,,,,,,,,,,,
HTR2B,QUETIAPINE FUMARATE,0.1208421262937165,Unknown,Antipsychotic,,,,,,,,,,,,,,,,
PDE4D,QUETIAPINE FUMARATE,0.069052644,Unknown,Antipsychotic,rs17742120,rs2164660,rs17382202,,,,,,,,,,,,,
RABEP1,QUETIAPINE FUMARATE,0.2636555482771996,Unknown,Antipsychotic,,,,,,,,,,,,,,,,
RGS4,QUETIAPINE FUMARATE,0.028433441,Unknown,Antipsychotic,rs951439,,,,,,,,,,,,,,,
CYP3A4,REMOXIPRIDE,0.019464504,Unknown,Antipsychotic,,,,,,,,,,,,,,,,
AGAP1,RISPERIDONE,1.558322345041359,Unknown,Antipsychotic,rs1869295,,,,,,,,,,,,,,,
AMD1,RISPERIDONE,0.008955876,inhibitor (INHIBITORY),Antipsychotic,,,,,,,,,,,,,,,,
CYP3A4,RISPERIDONE,0.00174309,Unknown,Antipsychotic,rs2740574,rs4646437,rs2242480,,,,,,,,,,,,,
GRIN2B,RISPERIDONE,0.019978492,Unknown,Antipsychotic,rs1806201,,,,,,,,,,,,,,,
GRM7,RISPERIDONE,0.7791611725206796,Unknown,Antipsychotic,rs2069062,,,,,,,,,,,,,,,
HTR2A,RISPERIDONE,0.022475803,inhibitor (INHIBITORY),Antipsychotic,rs6313,rs6311,,,,,,,,,,,,,,
PPA2,RISPERIDONE,1.558322345041359,Unknown,Antipsychotic,rs2636697,rs2636719,,,,,,,,,,,,,,
RABEP1,RISPERIDONE,0.1416656677310326,Unknown,Antipsychotic,,,,,,,,,,,,,,,,
RGS4,RISPERIDONE,0.022916505,Unknown,Antipsychotic,rs2842030,rs10917670,rs951439,rs2661319,,,,,,,,,,,,
SERPINA3,RISPERIDONE,0.013669494,inhibitor (INHIBITORY),Antipsychotic,,,,,,,,,,,,,,,,
TMEFF2,RISPERIDONE,1.558322345041359,Unknown,Antipsychotic,rs3738883,,,,,,,,,,,,,,,
TNIK,RISPERIDONE,0.3895805862603398,Unknown,Antipsychotic,rs7627954,rs2088885,,,,,,,,,,,,,,
TYMS,RISPERIDONE,0.031802497,Unknown,Antipsychotic,rs3786362,,,,,,,,,,,,,,,
AMD1,SERTINDOLE,0.028573508,inhibitor (INHIBITORY),Antipsychotic,,,,,,,,,,,,,,,,
AR,SERTINDOLE,0.002765178,Unknown,Antipsychotic,,,,,,,,,,,,,,,,
CYP3A4,SERTINDOLE,0.005561287,Unknown,Antipsychotic,,,,,,,,,,,,,,,,
HTR2A,SERTINDOLE,0.071708515,inhibitor (INHIBITORY),Antipsychotic,,,,,,,,,,,,,,,,
CYP3A4,SULPIRIDE,0.00834193,Unknown,Antipsychotic,,,,,,,,,,,,,,,,
HTR4,SULPIRIDE,0.095611353,agonist (ACTIVATING),Antipsychotic,,,,,,,,,,,,,,,,
IDH1,THIOPROPERAZINE MESYLATE,0.063354124,Unknown,Antipsychotic,,,,,,,,,,,,,,,,
AMD1,THIORIDAZINE,0.020691161,inhibitor (INHIBITORY),Antipsychotic,,,,,,,,,,,,,,,,
HTR2A,THIORIDAZINE,0.051926855,inhibitor (INHIBITORY),Antipsychotic,,,,,,,,,,,,,,,,
IDH1,THIORIDAZINE,0.00436925,Unknown,Antipsychotic,,,,,,,,,,,,,,,,
MPHOSPH8,THIORIDAZINE,0.015255347,Unknown,Antipsychotic,,,,,,,,,,,,,,,,
PPARD,THIORIDAZINE,0.013534819,Unknown,Antipsychotic,,,,,,,,,,,,,,,,
SERPINA3,THIORIDAZINE,0.031581245,inhibitor (INHIBITORY),Antipsychotic,,,,,,,,,,,,,,,,
AMD1,THIOTHIXENE,0.1000072769327309,inhibitor (INHIBITORY),Antipsychotic,,,,,,,,,,,,,,,,
HTR2A,THIOTHIXENE,0.083659934,inhibitor (INHIBITORY),Antipsychotic,,,,,,,,,,,,,,,,
IDH1,THIOTHIXENE,0.021118041,Unknown,Antipsychotic,,,,,,,,,,,,,,,,
HTR2A,THIOTHIXENE HYDROCHLORIDE,0.1673198671759151,inhibitor (INHIBITORY),Antipsychotic,,,,,,,,,,,,,,,,
AMD1,TRIFLUOPERAZINE,0.020001455,inhibitor (INHIBITORY),Antipsychotic,,,,,,,,,,,,,,,,
CAMK2B,TRIFLUOPERAZINE,0.1740126618629517,Unknown,Antipsychotic,,,,,,,,,,,,,,,,
CYP3A4,TRIFLUOPERAZINE,0.00194645,Unknown,Antipsychotic,,,,,,,,,,,,,,,,
MAPK1,TRIFLUOPERAZINE,0.009943581,Unknown,Antipsychotic,,,,,,,,,,,,,,,,
RGS4,TRIFLUOPERAZINE,0.017060065,Unknown,Antipsychotic,,,,,,,,,,,,,,,,
SNAP91,TRIFLUOPERAZINE,0.5800422062098393,Unknown,Antipsychotic,,,,,,,,,,,,,,,,
HTR2A,TRIFLUOPERAZINE HYDROCHLORIDE,0.045632691,inhibitor (INHIBITORY),Antipsychotic,,,,,,,,,,,,,,,,
IDH1,TRIFLUOPERAZINE HYDROCHLORIDE,0.011518932,Unknown,Antipsychotic,,,,,,,,,,,,,,,,
MPHOSPH8,TRIFLUOPERAZINE HYDROCHLORIDE,0.040218643,Unknown,Antipsychotic,,,,,,,,,,,,,,,,
HTR2B,TRIFLUPROMAZINE,0.8156843524825864,Unknown,Antipsychotic,,,,,,,,,,,,,,,,
IDH1,TRIFLUPROMAZINE HYDROCHLORIDE,0.021118041,Unknown,Antipsychotic,,,,,,,,,,,,,,,,
AMD1,ZIPRASIDONE,0.019356247,inhibitor (INHIBITORY),Antipsychotic,,,,,,,,,,,,,,,,
AR,ZIPRASIDONE,0.001873185,Unknown,Antipsychotic,,,,,,,,,,,,,,,,
CDH4,ZIPRASIDONE,3.367987003799066,Unknown,Antipsychotic,rs4925300,,,,,,,,,,,,,,,
HTR1D,ZIPRASIDONE,0.064768981,Unknown,Antipsychotic,,,,,,,,,,,,,,,,
HTR2A,ZIPRASIDONE,0.048576736,inhibitor (INHIBITORY),Antipsychotic,,,,,,,,,,,,,,,,
RGS4,ZIPRASIDONE,0.03301948,Unknown,Antipsychotic,rs951439,,,,,,,,,,,,,,,
SERPINA3,ZIPRASIDONE,0.029543746,inhibitor (INHIBITORY),Antipsychotic,,,,,,,,,,,,,,,,
SV2C,ZIPRASIDONE,0,None,Antipsychotic,rs12655684,rs12522597,,,,,,,,,,,,,,
CNR1,ARIPIPRAZOLE,0,None,Antipsychotic,rs1049353,,,,,,,,,,,,,,,
CYP3A4,ARIPIPRAZOLE,0,None,Antipsychotic,rs4986910,rs67666821,rs35599367,Unknown Variant,,,,,,,,,,,,
FAT1,ARIPIPRAZOLE,0,None,Antipsychotic,rs2304865,rs2637777,rs2306987,rs2306990,,,,,,,,,,,,
CNR1,CLOZAPINE,0,None,Antipsychotic,rs1049353,rs806378,,,,,,,,,,,,,,
GSTP1,CLOZAPINE,0,None,Antipsychotic,rs1695,,,,,,,,,,,,,,,
LEPR,CLOZAPINE,0,None,Antipsychotic,rs1137101,,,,,,,,,,,,,,,
PPARA,CLOZAPINE,0,None,Antipsychotic,rs1800234,,,,,,,,,,,,,,,
CNR1,HALOPERIDOL,0,None,Antipsychotic,rs1049353,,,,,,,,,,,,,,,
BDNF-AS,LITHIUM,0,None,Antipsychotic,rs6265,,,,,,,,,,,,,,,
DGKH,LITHIUM,0,None,Antipsychotic,rs9315885,rs1170191,rs1012053,,,,,,,,,,,,,
CYP2B6,OLANZAPINE,0,None,Antipsychotic,rs4803419,rs2279345,,,,,,,,,,,,,,
CYP3A4,OLANZAPINE,0,None,Antipsychotic,rs2740574,rs4986910,rs67666821,rs35599367,Unknown Variant,,,,,,,,,,,
LEPR,OLANZAPINE,0,None,Antipsychotic,rs1137101,,,,,,,,,,,,,,,
SV2C,OLANZAPINE,0,None,Antipsychotic,rs1995381,rs2270927,rs6874435,rs2112865,rs4580760,rs10214163,rs11960832,,,,,,,,,
CNR1,QUETIAPINE,0,None,Antipsychotic,rs1049353,,,,,,,,,,,,,,,
CYP2B6,QUETIAPINE,0,None,Antipsychotic,Unknown Variant,,,,,,,,,,,,,,,
LEPR,QUETIAPINE,0,None,Antipsychotic,rs1137101,,,,,,,,,,,,,,,
SV2C,QUETIAPINE,0,None,Antipsychotic,rs11960832,rs10214163,rs2134227,rs31244,,,,,,,,,,,,
BDNF,RISPERIDONE,0,None,Antipsychotic,rs6265,,,,,,,,,,,,,,,
CNR1,RISPERIDONE,0,None,Antipsychotic,rs1049353,rs806378,rs806368,rs806377,,,,,,,,,,,,
FTO,RISPERIDONE,0,None,Antipsychotic,rs6499640,rs1421085,rs1121980,,,,,,,,,,,,,
HRH3,RISPERIDONE,0,None,Antipsychotic,rs3787429,rs3787430,,,,,,,,,,,,,,
HTR3A,RISPERIDONE,0,None,Antipsychotic,rs1176713,,,,,,,,,,,,,,,
LEPR,RISPERIDONE,0,None,Antipsychotic,rs1137101,,,,,,,,,,,,,,,
NR1I2,RISPERIDONE,0,None,Antipsychotic,rs7643645,rs2276707,rs2472677,rs1523130,,,,,,,,,,,,
PPARA,RISPERIDONE,0,None,Antipsychotic,rs4253728,,,,,,,,,,,,,,,
SV2C,RISPERIDONE,0,None,Antipsychotic,rs6882321,rs7732173,rs10514062,rs2358531,rs1995380,,,,,,,,,,,
BDNF,DONEPEZIL,0.106105282,Unknown,Antidementia,,,,,,,,,,,,,,,,
PRKCE,DONEPEZIL,0.621473792,Unknown,Antidementia,rs6720975,,,,,,,,,,,,,,,
IDH1,GALANTAMINE,0.015838531,Unknown,Antidementia,,,,,,,,,,,,,,,,
PRKCE,GALANTAMINE,0.621473792,Unknown,Antidementia,rs6720975,,,,,,,,,,,,,,,
GRIN2A,MEMANTINE HYDROCHLORIDE,0.420320439,negative modulator (INHIBITORY),Antidementia,,,,,,,,,,,,,,,,
GRIN2B,MEMANTINE HYDROCHLORIDE,0.223093156,negative modulator (INHIBITORY),Antidementia,,,,,,,,,,,,,,,,
GRIN2D,MEMANTINE HYDROCHLORIDE,0.214830447,negative modulator (INHIBITORY),Antidementia,,,,,,,,,,,,,,,,
GRIN3A,MEMANTINE HYDROCHLORIDE,0.600043662,negative modulator (INHIBITORY),Antidementia,,,,,,,,,,,,,,,,
NR1I2,MEMANTINE HYDROCHLORIDE,0.102662337,Unknown,Antidementia,rs1523130,,,,,,,,,,,,,,,
PRKCE,RIVASTIGMINE,0.710255763,Unknown,Antidementia,rs6720975,,,,,,,,,,,,,,,
CYP3A4,TACRINE,0.01668386,Unknown,Antidementia,,,,,,,,,,,,,,,,
CYP3A4,DONEPEZIL,0,None,Antidementia,rs4986910,rs67666821,rs35599367,rs2740574,rs4646437,rs35599367,,,,,,,,,,
CYP3A4,GALANTAMINE,0,None,Antidementia,rs4646437,rs35599367,,,,,,,,,,,,,,
NR1I2,DONEPEZIL,0,None,Antidementia,rs7643645,rs1523130,rs2472677,,,,,,,,,,,,,
AR,CHLORDIAZEPOXIDE,0.002765178,Unknown,Anxiolytic,,,,,,,,,,,,,,,,
GABRA2,CHLORDIAZEPOXIDE,0.081061799,positive modulator (ACTIVATING),Anxiolytic,,,,,,,,,,,,,,,,
GABRA4,CHLORDIAZEPOXIDE,0.089851633,positive modulator (ACTIVATING),Anxiolytic,,,,,,,,,,,,,,,,
GABRA5,CHLORDIAZEPOXIDE,0.083794219,positive modulator (ACTIVATING),Anxiolytic,,,,,,,,,,,,,,,,
GABRB1,CHLORDIAZEPOXIDE,0.089851633,positive modulator (ACTIVATING),Anxiolytic,,,,,,,,,,,,,,,,
GABRB2,CHLORDIAZEPOXIDE,0.085720523,positive modulator (ACTIVATING),Anxiolytic,,,,,,,,,,,,,,,,
GABRB3,CHLORDIAZEPOXIDE,0.090947384,positive modulator (ACTIVATING),Anxiolytic,,,,,,,,,,,,,,,,
GABRG2,CHLORDIAZEPOXIDE,0.087737477,positive modulator (ACTIVATING),Anxiolytic,,,,,,,,,,,,,,,,
GABRA2,CHLORDIAZEPOXIDE HYDROCHLORIDE,0.035464537,positive modulator (ACTIVATING),Anxiolytic,,,,,,,,,,,,,,,,
GABRA4,CHLORDIAZEPOXIDE HYDROCHLORIDE,0.039310089,positive modulator (ACTIVATING),Anxiolytic,,,,,,,,,,,,,,,,
GABRA5,CHLORDIAZEPOXIDE HYDROCHLORIDE,0.036659971,positive modulator (ACTIVATING),Anxiolytic,,,,,,,,,,,,,,,,
GABRB1,CHLORDIAZEPOXIDE HYDROCHLORIDE,0.039310089,positive modulator (ACTIVATING),Anxiolytic,,,,,,,,,,,,,,,,
GABRB2,CHLORDIAZEPOXIDE HYDROCHLORIDE,0.037502729,positive modulator (ACTIVATING),Anxiolytic,,,,,,,,,,,,,,,,
GABRB3,CHLORDIAZEPOXIDE HYDROCHLORIDE,0.039789481,positive modulator (ACTIVATING),Anxiolytic,,,,,,,,,,,,,,,,
GABRG2,CHLORDIAZEPOXIDE HYDROCHLORIDE,0.038385146,positive modulator (ACTIVATING),Anxiolytic,,,,,,,,,,,,,,,,
GABRA2,CLOBAZAM,0.077377172,positive modulator (ACTIVATING),Anxiolytic,,,,,,,,,,,,,,,,
GABRA4,CLOBAZAM,0.085767468,positive modulator (ACTIVATING),Anxiolytic,,,,,,,,,,,,,,,,
GABRA5,CLOBAZAM,0.079985391,positive modulator (ACTIVATING),Anxiolytic,,,,,,,,,,,,,,,,
GABRB1,CLOBAZAM,0.085767468,positive modulator (ACTIVATING),Anxiolytic,,,,,,,,,,,,,,,,
GABRB2,CLOBAZAM,0.081824136,positive modulator (ACTIVATING),Anxiolytic,,,,,,,,,,,,,,,,
GABRB3,CLOBAZAM,0.086813412,positive modulator (ACTIVATING),Anxiolytic,,,,,,,,,,,,,,,,
GABRG2,CLOBAZAM,0.083749409,positive modulator (ACTIVATING),Anxiolytic,,,,,,,,,,,,,,,,
SCN1A,CLOBAZAM,0.185382807,Unknown,Anxiolytic,rs2298771,,,,,,,,,,,,,,,
GABRA2,CLOTIAZEPAM,0.085114889,positive modulator (ACTIVATING),Anxiolytic,,,,,,,,,,,,,,,,
GABRA4,CLOTIAZEPAM,0.031448071,positive modulator (ACTIVATING),Anxiolytic,,,,,,,,,,,,,,,,
GABRA5,CLOTIAZEPAM,0.08798393,positive modulator (ACTIVATING),Anxiolytic,,,,,,,,,,,,,,,,
GABRB1,CLOTIAZEPAM,0.094344214,positive modulator (ACTIVATING),Anxiolytic,,,,,,,,,,,,,,,,
GABRB2,CLOTIAZEPAM,0.090006549,positive modulator (ACTIVATING),Anxiolytic,,,,,,,,,,,,,,,,
GABRB3,CLOTIAZEPAM,0.095494753,positive modulator (ACTIVATING),Anxiolytic,,,,,,,,,,,,,,,,
GABRG2,CLOTIAZEPAM,0.09212435,positive modulator (ACTIVATING),Anxiolytic,,,,,,,,,,,,,,,,
AR,DIAZEPAM,0.00200237,Unknown,Anxiolytic,,,,,,,,,,,,,,,,
CCKBR,DIAZEPAM,0.081824136,Unknown,Anxiolytic,,,,,,,,,,,,,,,,
GABRA2,DIAZEPAM,0.058699923,positive modulator (ACTIVATING),Anxiolytic,,,,,,,,,,,,,,,,
GABRA4,DIAZEPAM,0.021688325,positive modulator (ACTIVATING),Anxiolytic,,,,,,,,,,,,,,,,
GABRA5,DIAZEPAM,0.060678573,positive modulator (ACTIVATING),Anxiolytic,,,,,,,,,,,,,,,,
GABRB1,DIAZEPAM,0.065064975,positive modulator (ACTIVATING),Anxiolytic,,,,,,,,,,,,,,,,
GABRB2,DIAZEPAM,0.062073482,positive modulator (ACTIVATING),Anxiolytic,,,,,,,,,,,,,,,,
GABRB3,DIAZEPAM,0.065858451,positive modulator (ACTIVATING),Anxiolytic,,,,,,,,,,,,,,,,
GABRG2,DIAZEPAM,0.063534035,positive modulator (ACTIVATING),Anxiolytic,,,,,,,,,,,,,,,,
SLC2A1,DIAZEPAM,0.1800130984789156,Unknown,Anxiolytic,,,,,,,,,,,,,,,,
GABRA2,FLUDIAZEPAM,0.066756776,Unknown,Anxiolytic,,,,,,,,,,,,,,,,
GABRA5,FLUDIAZEPAM,0.069007004,Unknown,Anxiolytic,,,,,,,,,,,,,,,,
GABRB1,FLUDIAZEPAM,0.073995462,Unknown,Anxiolytic,,,,,,,,,,,,,,,,
GABRB2,FLUDIAZEPAM,0.070593372,Unknown,Anxiolytic,,,,,,,,,,,,,,,,
GABRB3,FLUDIAZEPAM,0.074897846,Unknown,Anxiolytic,,,,,,,,,,,,,,,,
GABRG2,FLUDIAZEPAM,0.072254392,Unknown,Anxiolytic,,,,,,,,,,,,,,,,
GABRA2,HALAZEPAM,0.085114889,positive modulator (ACTIVATING),Anxiolytic,,,,,,,,,,,,,,,,
GABRA4,HALAZEPAM,0.031448071,positive modulator (ACTIVATING),Anxiolytic,,,,,,,,,,,,,,,,
GABRA5,HALAZEPAM,0.08798393,positive modulator (ACTIVATING),Anxiolytic,,,,,,,,,,,,,,,,
GABRB1,HALAZEPAM,0.094344214,positive modulator (ACTIVATING),Anxiolytic,,,,,,,,,,,,,,,,
GABRB2,HALAZEPAM,0.090006549,positive modulator (ACTIVATING),Anxiolytic,,,,,,,,,,,,,,,,
GABRB3,HALAZEPAM,0.095494753,positive modulator (ACTIVATING),Anxiolytic,,,,,,,,,,,,,,,,
GABRG2,HALAZEPAM,0.09212435,positive modulator (ACTIVATING),Anxiolytic,,,,,,,,,,,,,,,,
AMD1,HYDROXYZINE,0.066671518,inhibitor (INHIBITORY),Anxiolytic,,,,,,,,,,,,,,,,
CYP3A4,HYDROXYZINE,0.012976336,Unknown,Anxiolytic,,,,,,,,,,,,,,,,
MAPT,HYDROXYZINE PAMOATE,0.0118645,Unknown,Anxiolytic,,,,,,,,,,,,,,,,
GABRA2,LORAZEPAM,0.068091911,positive modulator (ACTIVATING),Anxiolytic,,,,,,,,,,,,,,,,
GABRA4,LORAZEPAM,0.075475371,positive modulator (ACTIVATING),Anxiolytic,,,,,,,,,,,,,,,,
GABRA5,LORAZEPAM,0.070387144,positive modulator (ACTIVATING),Anxiolytic,,,,,,,,,,,,,,,,
GABRB1,LORAZEPAM,0.075475371,positive modulator (ACTIVATING),Anxiolytic,,,,,,,,,,,,,,,,
GABRB2,LORAZEPAM,0.072005239,positive modulator (ACTIVATING),Anxiolytic,,,,,,,,,,,,,,,,
GABRB3,LORAZEPAM,0.076395803,positive modulator (ACTIVATING),Anxiolytic,,,,,,,,,,,,,,,,
GABRG2,LORAZEPAM,0.07369948,positive modulator (ACTIVATING),Anxiolytic,,,,,,,,,,,,,,,,
GABRA2,MEPROBAMATE,0.094572099,agonist (ACTIVATING),Anxiolytic,,,,,,,,,,,,,,,,
GABRA4,MEPROBAMATE,0.1048269047367179,agonist (ACTIVATING),Anxiolytic,,,,,,,,,,,,,,,,
GABRA5,MEPROBAMATE,0.097759922,agonist (ACTIVATING),Anxiolytic,,,,,,,,,,,,,,,,
GABRB1,MEPROBAMATE,0.034942302,agonist (ACTIVATING),Anxiolytic,,,,,,,,,,,,,,,,
GABRB2,MEPROBAMATE,0.033335759,agonist (ACTIVATING),Anxiolytic,,,,,,,,,,,,,,,,
GABRB3,MEPROBAMATE,0.035368427,agonist (ACTIVATING),Anxiolytic,,,,,,,,,,,,,,,,
GABRG2,MEPROBAMATE,0.03412013,agonist (ACTIVATING),Anxiolytic,,,,,,,,,,,,,,,,
PRKCE,MEPROBAMATE,0.2762105743856377,Unknown,Anxiolytic,,,,,,,,,,,,,,,,
AR,PRAZEPAM,0.002639488,Unknown,Anxiolytic,,,,,,,,,,,,,,,,
GABRA2,PRAZEPAM,0.077377172,positive modulator (ACTIVATING),Anxiolytic,,,,,,,,,,,,,,,,
GABRA4,PRAZEPAM,0.028589156,positive modulator (ACTIVATING),Anxiolytic,,,,,,,,,,,,,,,,
GABRA5,PRAZEPAM,0.079985391,positive modulator (ACTIVATING),Anxiolytic,,,,,,,,,,,,,,,,
GABRB1,PRAZEPAM,0.085767468,positive modulator (ACTIVATING),Anxiolytic,,,,,,,,,,,,,,,,
GABRB2,PRAZEPAM,0.081824136,positive modulator (ACTIVATING),Anxiolytic,,,,,,,,,,,,,,,,
GABRB3,PRAZEPAM,0.086813412,positive modulator (ACTIVATING),Anxiolytic,,,,,,,,,,,,,,,,
GABRG2,PRAZEPAM,0.083749409,positive modulator (ACTIVATING),Anxiolytic,,,,,,,,,,,,,,,,
AR,TOFISOPAM,0.058068741,Unknown,Anxiolytic,,,,,,,,,,,,,,,,
GABRA2,ADINAZOLAM,0.066756776,Unknown,Anxiolytic,,,,,,,,,,,,,,,,
GABRA5,ADINAZOLAM,0.069007004,Unknown,Anxiolytic,,,,,,,,,,,,,,,,
GABRB1,ADINAZOLAM,0.073995462,Unknown,Anxiolytic,,,,,,,,,,,,,,,,
GABRB2,ADINAZOLAM,0.070593372,Unknown,Anxiolytic,,,,,,,,,,,,,,,,
GABRB3,ADINAZOLAM,0.074897846,Unknown,Anxiolytic,,,,,,,,,,,,,,,,
GABRG2,ADINAZOLAM,0.072254392,Unknown,Anxiolytic,,,,,,,,,,,,,,,,
CYP3A4,ALPRAZOLAM,0.003434912,Unknown,Anxiolytic,rs35599367,Unknown Variant,,,,,,,,,,,,,,
GABRA2,ALPRAZOLAM,0.050067582,positive modulator (ACTIVATING),Anxiolytic,,,,,,,,,,,,,,,,
GABRA4,ALPRAZOLAM,0.055496597,positive modulator (ACTIVATING),Anxiolytic,,,,,,,,,,,,,,,,
GABRA5,ALPRAZOLAM,0.051755253,positive modulator (ACTIVATING),Anxiolytic,,,,,,,,,,,,,,,,
GABRB1,ALPRAZOLAM,0.055496597,positive modulator (ACTIVATING),Anxiolytic,,,,,,,,,,,,,,,,
GABRB2,ALPRAZOLAM,0.052945029,positive modulator (ACTIVATING),Anxiolytic,,,,,,,,,,,,,,,,
GABRB3,ALPRAZOLAM,0.056173384,positive modulator (ACTIVATING),Anxiolytic,,,,,,,,,,,,,,,,
GABRG2,ALPRAZOLAM,0.054190794,positive modulator (ACTIVATING),Anxiolytic,,,,,,,,,,,,,,,,
HPGD,ALPRAZOLAM,0.006191153,Unknown,Anxiolytic,,,,,,,,,,,,,,,,
PBRM1,ALPRAZOLAM,0.1616216673649707,Unknown,Anxiolytic,,,,,,,,,,,,,,,,
GABRA2,BROMAZEPAM,0.081061799,positive modulator (ACTIVATING),Anxiolytic,,,,,,,,,,,,,,,,
GABRA4,BROMAZEPAM,0.059901088,Unknown,Anxiolytic,,,,,,,,,,,,,,,,
GABRA5,BROMAZEPAM,0.055862813,Unknown,Anxiolytic,,,,,,,,,,,,,,,,
GABRB1,BROMAZEPAM,0.059901088,Unknown,Anxiolytic,,,,,,,,,,,,,,,,
GABRB2,BROMAZEPAM,0.057147015,Unknown,Anxiolytic,,,,,,,,,,,,,,,,
GABRB3,BROMAZEPAM,0.060631589,Unknown,Anxiolytic,,,,,,,,,,,,,,,,
GABRG2,BROMAZEPAM,0.058491651,Unknown,Anxiolytic,,,,,,,,,,,,,,,,
AR,OXAZEPAM,0.002233413,Unknown,Anxiolytic,,,,,,,,,,,,,,,,
CYP3A4,OXAZEPAM,0.002245904,Unknown,Anxiolytic,,,,,,,,,,,,,,,,
GABRA2,OXAZEPAM,0.065472992,positive modulator (ACTIVATING),Anxiolytic,,,,,,,,,,,,,,,,
GABRA4,OXAZEPAM,0.072572473,positive modulator (ACTIVATING),Anxiolytic,,,,,,,,,,,,,,,,
GABRA5,OXAZEPAM,0.067679946,positive modulator (ACTIVATING),Anxiolytic,,,,,,,,,,,,,,,,
GABRB1,OXAZEPAM,0.072572473,positive modulator (ACTIVATING),Anxiolytic,,,,,,,,,,,,,,,,
GABRB2,OXAZEPAM,0.069235807,positive modulator (ACTIVATING),Anxiolytic,,,,,,,,,,,,,,,,
GABRB3,OXAZEPAM,0.073457503,positive modulator (ACTIVATING),Anxiolytic,,,,,,,,,,,,,,,,
GABRG2,OXAZEPAM,0.070864885,positive modulator (ACTIVATING),Anxiolytic,,,,,,,,,,,,,,,,
CYP2B6,DIAZEPAM,0,None,Anxiolytic,Unknown Variant,,,,,,,,,,,,,,,
CYP3A4,DIAZEPAM,0,None,Anxiolytic,rs35599367,,,,,,,,,,,,,,,
CYP3A4,MIDAZOLAM,0,None,Anxiolytic,rs12721627,rs35599367,Unknown Variant,rs2740574,,,,,,,,,,,,
GAL,BENZODIAZEPINE,0,None,Anxiolytic,rs948854,,,,,,,,,,,,,,,
NR1I2,MIDAZOLAM,0,None,Anxiolytic,rs1464602,rs1464603,rs12721613,rs2461817,,,,,,,,,,,,
ANK2,AGOMELATINE,0.1763641843205592,agonist (ACTIVATING),Antidepressant,,,,,,,,,,,,,,,,
ANK3,AGOMELATINE,0.1450105515524598,agonist (ACTIVATING),Antidepressant,,,,,,,,,,,,,,,,
HTR2B,AGOMELATINE,0.2718947841608621,Unknown,Antidepressant,,,,,,,,,,,,,,,,
AMD1,AMITRIPTYLINE HYDROCHLORIDE,0.013334304,inhibitor (INHIBITORY),Antidepressant,,,,,,,,,,,,,,,,
BDNF,AMITRIPTYLINE HYDROCHLORIDE,0.009431581,Unknown,Antidepressant,rs6265,,,,,,,,,,,,,,,
CACNG2,AMITRIPTYLINE HYDROCHLORIDE,0.06824026,Unknown,Antidepressant,,,,,,,,,,,,,,,,
CYP3A4,AMITRIPTYLINE HYDROCHLORIDE,0.002595267,Unknown,Antidepressant,,,,,,,,,,,,,,,,
EPHX1,AMITRIPTYLINE HYDROCHLORIDE,0.089237262,Unknown,Antidepressant,,,,,,,,,,,,,,,,
GNAS,AMITRIPTYLINE HYDROCHLORIDE,0.033145269,Unknown,Antidepressant,,,,,,,,,,,,,,,,
GRIK2,AMITRIPTYLINE HYDROCHLORIDE,0.050438453,Unknown,Antidepressant,,,,,,,,,,,,,,,,
HTR2A,AMITRIPTYLINE HYDROCHLORIDE,0.011154658,Unknown,Antidepressant,,,,,,,,,,,,,,,,
IFNG,AMITRIPTYLINE HYDROCHLORIDE,0.082863172,Unknown,Antidepressant,,,,,,,,,,,,,,,,
NEFM,AMITRIPTYLINE HYDROCHLORIDE,0.1657263446313826,Unknown,Antidepressant,,,,,,,,,,,,,,,,
RGS4,AMITRIPTYLINE HYDROCHLORIDE,0.011373377,Unknown,Antidepressant,,,,,,,,,,,,,,,,
ADCY9,ANTIDEPRESSANT AGENT,0.4015676812221964,Unknown,Antidepressant,rs2230739,,,,,,,,,,,,,,,
BDNF,ANTIDEPRESSANT AGENT,0.016323889,Unknown,Antidepressant,rs962369,rs6265,rs7124442,rs7103411,rs61888800,,,,,,,,,,,
CHL1,ANTIDEPRESSANT AGENT,2.007838406110982,Unknown,Antidepressant,rs1516338,,,,,,,,,,,,,,,
CRH,ANTIDEPRESSANT AGENT,0.2509798007638728,Unknown,Antidepressant,rs4737771,,,,,,,,,,,,,,,
ERICH3,ANTIDEPRESSANT AGENT,1.338558937407321,Unknown,Antidepressant,rs11580409,,,,,,,,,,,,,,,
GAL,ANTIDEPRESSANT AGENT,0.2509798007638728,Unknown,Antidepressant,rs948854,,,,,,,,,,,,,,,
GNRH1,ANTIDEPRESSANT AGENT,0.1056757055847885,Unknown,Antidepressant,,,,,,,,,,,,,,,,
GRIA3,ANTIDEPRESSANT AGENT,0.047805676,Unknown,Antidepressant,,,,,,,,,,,,,,,,
IL1B,ANTIDEPRESSANT AGENT,0.039369381,Unknown,Antidepressant,,,,,,,,,,,,,,,,
MTRF1L,ANTIDEPRESSANT AGENT,2.007838406110982,Unknown,Antidepressant,rs766127,,,,,,,,,,,,,,,
NBEA,ANTIDEPRESSANT AGENT,1.003919203055491,Unknown,Antidepressant,rs9315310,,,,,,,,,,,,,,,
PON2,ANTIDEPRESSANT AGENT,2.007838406110982,Unknown,Antidepressant,rs2299267,,,,,,,,,,,,,,,
SERPINE1,ANTIDEPRESSANT AGENT,0.059054071,Unknown,Antidepressant,,,,,,,,,,,,,,,,
SLC22A3,ANTIDEPRESSANT AGENT,0.5019596015277455,Unknown,Antidepressant,,,,,,,,,,,,,,,,
TGFBR3,ANTIDEPRESSANT AGENT,0.2509798007638728,Unknown,Antidepressant,rs12082710,,,,,,,,,,,,,,,
TPH2,ANTIDEPRESSANT AGENT,0.1673198671759151,Unknown,Antidepressant,rs10879346,,,,,,,,,,,,,,,
CYP2C18,CITALOPRAM,0.4971790338941479,Unknown,Antidepressant,,,,,,,,,,,,,,,,
ERICH3,CITALOPRAM,0.9943580677882958,Unknown,Antidepressant,rs11580409,,,,,,,,,,,,,,,
GRIA3,CITALOPRAM,0.071025576,Unknown,Antidepressant,rs4825476,,,,,,,,,,,,,,,
GRIK2,CITALOPRAM,0.129698878,Unknown,Antidepressant,rs2518224,,,,,,,,,,,,,,,
GSK3B,CITALOPRAM,0.064849439,Unknown,Antidepressant,rs334558,,,,,,,,,,,,,,,
NEDD4L,CITALOPRAM,0.9943580677882958,Unknown,Antidepressant,rs520210,,,,,,,,,,,,,,,
REEP5,CITALOPRAM,0.745768551,Unknown,Antidepressant,rs153549,rs153560,,,,,,,,,,,,,,
RFK,CITALOPRAM,2.983074203364888,Unknown,Antidepressant,rs11144870,,,,,,,,,,,,,,,
RORA,CITALOPRAM,0.745768551,Unknown,Antidepressant,rs809736,,,,,,,,,,,,,,,
SERPINE1,CITALOPRAM,0.087737477,Unknown,Antidepressant,rs2227631,rs1799889,,,,,,,,,,,,,,
BDNF,CLOMIPRAMINE,0.011168977,Unknown,Antidepressant,rs6265,,,,,,,,,,,,,,,
CACNG2,CLOMIPRAMINE,0.080810834,Unknown,Antidepressant,,,,,,,,,,,,,,,,
CYP2B6,CLOMIPRAMINE,0.021465378,Unknown,Antidepressant,,,,,,,,,,,,,,,,
CYP3A4,CLOMIPRAMINE,0.003073343,Unknown,Antidepressant,,,,,,,,,,,,,,,,
EPHX1,CLOMIPRAMINE,0.1056757055847885,Unknown,Antidepressant,,,,,,,,,,,,,,,,
GRIK2,CLOMIPRAMINE,0.059729747,Unknown,Antidepressant,,,,,,,,,,,,,,,,
NEFM,CLOMIPRAMINE,0.1962548818003215,Unknown,Antidepressant,,,,,,,,,,,,,,,,
PPARD,CLOMIPRAMINE,0.010329204,Unknown,Antidepressant,,,,,,,,,,,,,,,,
RGS4,CLOMIPRAMINE,0.013468472,Unknown,Antidepressant,,,,,,,,,,,,,,,,
AR,CLOMIPRAMINE HYDROCHLORIDE,0.019356247,Unknown,Antidepressant,,,,,,,,,,,,,,,,
BDNF,DESIPRAMINE,0.021765186,Unknown,Antidepressant,rs61888800,,,,,,,,,,,,,,,
CACNG2,DESIPRAMINE,0.078738761,Unknown,Antidepressant,,,,,,,,,,,,,,,,
CYP2B6,DESIPRAMINE,0.020914983,Unknown,Antidepressant,,,,,,,,,,,,,,,,
CYP3A4,DESIPRAMINE,0.002994539,Unknown,Antidepressant,,,,,,,,,,,,,,,,
EPHX1,DESIPRAMINE,0.1029660721082554,Unknown,Antidepressant,,,,,,,,,,,,,,,,
GRIK2,DESIPRAMINE,0.058198215,Unknown,Antidepressant,,,,,,,,,,,,,,,,
HTR2A,DESIPRAMINE,0.012870759,Unknown,Antidepressant,,,,,,,,,,,,,,,,
NEFM,DESIPRAMINE,0.191222705,Unknown,Antidepressant,,,,,,,,,,,,,,,,
RGS4,DESIPRAMINE,0.013123127,Unknown,Antidepressant,,,,,,,,,,,,,,,,
AMD1,DOXEPIN HYDROCHLORIDE,0.013637356,inhibitor (INHIBITORY),Antidepressant,,,,,,,,,,,,,,,,
BDNF,DOXEPIN HYDROCHLORIDE,0.009645935,Unknown,Antidepressant,,,,,,,,,,,,,,,,
CACNG2,DOXEPIN HYDROCHLORIDE,0.069791175,Unknown,Antidepressant,,,,,,,,,,,,,,,,
CYP2B6,DOXEPIN HYDROCHLORIDE,0.018538281,Unknown,Antidepressant,,,,,,,,,,,,,,,,
CYP3A4,DOXEPIN HYDROCHLORIDE,0.001327125,Unknown,Antidepressant,,,,,,,,,,,,,,,,
EPHX1,DOXEPIN HYDROCHLORIDE,0.091265382,Unknown,Antidepressant,,,,,,,,,,,,,,,,
GRIK2,DOXEPIN HYDROCHLORIDE+J65,0.051584781,Unknown,Antidepressant,,,,,,,,,,,,,,,,
HTR2A,DOXEPIN HYDROCHLORIDE,0.022816346,Unknown,Antidepressant,,,,,,,,,,,,,,,,
HTR2B,DOXEPIN HYDROCHLORIDE,0.049435415,Unknown,Antidepressant,,,,,,,,,,,,,,,,
NEFM,DOXEPIN HYDROCHLORIDE,0.169492852,Unknown,Antidepressant,,,,,,,,,,,,,,,,
RGS4,DOXEPIN HYDROCHLORIDE,0.011631862,Unknown,Antidepressant,,,,,,,,,,,,,,,,
AR,DULOXETINE HYDROCHLORIDE,0.002233413,Unknown,Antidepressant,,,,,,,,,,,,,,,,
AR,FLUOXETINE HYDROCHLORIDE,0.002073884,Unknown,Antidepressant,,,,,,,,,,,,,,,,
C1QBP,FLUOXETINE HYDROCHLORIDE,0.1165263360689409,blocker (INHIBITORY),Antidepressant,,,,,,,,,,,,,,,,
CYP3A4,FLUOXETINE HYDROCHLORIDE,0.004170965,Unknown,Antidepressant,,,,,,,,,,,,,,,,
GSK3B,FLUOXETINE HYDROCHLORIDE,0.081061799,Unknown,Antidepressant,rs334558,,,,,,,,,,,,,,,
HTR2A,FLUOXETINE HYDROCHLORIDE,0.017927129,Unknown,Antidepressant,rs6311,rs17289304,rs6313,rs3803189,rs6314,rs6305,rs7997012,,,,,,,,,
HTR4,FLUOXETINE HYDROCHLORIDE,0.095611353,Unknown,Antidepressant,,,,,,,,,,,,,,,,
IGF2,FLUOXETINE HYDROCHLORIDE,0.2071579307892283,Unknown,Antidepressant,,,,,,,,,,,,,,,,
PPARD,FLUOXETINE HYDROCHLORIDE,0.014018206,Unknown,Antidepressant,,,,,,,,,,,,,,,,
REEP5,FLUOXETINE HYDROCHLORIDE,0.9322106885515274,Unknown,Antidepressant,rs153549,rs153560,,,,,,,,,,,,,,
SERPINE1,FLUOXETINE HYDROCHLORIDE,0.1096718457119444,Unknown,Antidepressant,rs2227631,rs1799889,,,,,,,,,,,,,,
CYP3A4,FLUVOXAMINE,0.008983617,Unknown,Antidepressant,,,,,,,,,,,,,,,,
BDNF,IMIPRAMINE HYDROCHLORIDE,0.042442113,Unknown,Antidepressant,,,,,,,,,,,,,,,,
CYP3A4,IMIPRAMINE HYDROCHLORIDE,0.011678702,Unknown,Antidepressant,,,,,,,,,,,,,,,,
HTR2A,LEVOMILNACIPRAN,0.083659934,Unknown,Antidepressant,,,,,,,,,,,,,,,,
CYP3A4,MAPROTILINE,0.004491809,Unknown,Antidepressant,,,,,,,,,,,,,,,,
AR,MAPROTILINE HYDROCHLORIDE,0.008295534,Unknown,Antidepressant,,,,,,,,,,,,,,,,
CYP3A4,MAPROTILINE HYDROCHLORIDE,0.00834193,Unknown,Antidepressant,,,,,,,,,,,,,,,,
IDH1,MAPROTILINE HYDROCHLORIDE,0.018101178,Unknown,Antidepressant,,,,,,,,,,,,,,,,
CYP3A4,MIANSERIN,0.006488168,Unknown,Antidepressant,,,,,,,,,,,,,,,,
HTR2A,MIANSERIN,0.055773289,Unknown,Antidepressant,,,,,,,,,,,,,,,,
HTR3A,MIANSERIN,0.1288982680466309,Unknown,Antidepressant,,,,,,,,,,,,,,,,
HTR4,MIANSERIN,0.1487287708230356,Unknown,Antidepressant,,,,,,,,,,,,,,,,
SERPINA3,MIANSERIN,0.050880895,inhibitor (INHIBITORY),Antidepressant,,,,,,,,,,,,,,,,
HTR2A,MINAPRINE,0.1673198671759151,inhibitor (INHIBITORY),Antidepressant,,,,,,,,,,,,,,,,
HTR2B,MINAPRINE,0.96673701,inhibitor (INHIBITORY),Antidepressant,,,,,,,,,,,,,,,,
HTR2A,MINAPRINE HYDROCHLORIDE,0.055773289,inhibitor (INHIBITORY),Antidepressant,,,,,,,,,,,,,,,,
HTR2B,MINAPRINE HYDROCHLORIDE,0.241684253,inhibitor (INHIBITORY),Antidepressant,,,,,,,,,,,,,,,,
GAL,MIRTAZAPINE,0.6525474819860692,Unknown,Antidepressant,rs948854,,,,,,,,,,,,,,,
HTR2A,MIRTAZAPINE,0.07529394,inhibitor (INHIBITORY),Antidepressant,rs6313,,,,,,,,,,,,,,,
HTR3A,MIRTAZAPINE,0.1160084412419678,Unknown,Antidepressant,,,,,,,,,,,,,,,,
RABEP1,MIRTAZAPINE,0.4745799868989593,Unknown,Antidepressant,,,,,,,,,,,,,,,,
TPH2,MIRTAZAPINE,0.4350316546573794,Unknown,Antidepressant,rs1487278,,,,,,,,,,,,,,,
AR,MOCLOBEMIDE,0.011613748,Unknown,Antidepressant,,,,,,,,,,,,,,,,
HTR2A,NEFAZODONE,0.071708515,Unknown,Antidepressant,,,,,,,,,,,,,,,,
AR,NEFAZODONE HYDROCHLORIDE,0.009678124,Unknown,Antidepressant,,,,,,,,,,,,,,,,
HTR2A,NEFAZODONE HYDROCHLORIDE,0.083659934,inhibitor (INHIBITORY),Antidepressant,,,,,,,,,,,,,,,,
BDNF,NORTRIPTYLINE,0.02652632,Unknown,Antidepressant,rs962369,,,,,,,,,,,,,,,
AR,"PAROXETINE HYDROCHLORIDE, HEMIHYDRATE",0.00232275,Unknown,Antidepressant,,,,,,,,,,,,,,,,
ATP1B1,"PAROXETINE HYDROCHLORIDE, HEMIHYDRATE",0.109902734,inhibitor (INHIBITORY),Antidepressant,,,,,,,,,,,,,,,,
CYP3A4,"PAROXETINE HYDROCHLORIDE, HEMIHYDRATE",0.00233574,Unknown,Antidepressant,,,,,,,,,,,,,,,,
IDH1,"PAROXETINE HYDROCHLORIDE, HEMIHYDRATE",0.00506833,Unknown,Antidepressant,,,,,,,,,,,,,,,,
MPHOSPH8,"PAROXETINE HYDROCHLORIDE, HEMIHYDRATE",0.017696203,Unknown,Antidepressant,,,,,,,,,,,,,,,,
REEP5,"PAROXETINE HYDROCHLORIDE, HEMIHYDRATE",1.044075971,Unknown,Antidepressant,rs153549,rs153560,,,,,,,,,,,,,,
CYP3A4,PHENELZINE,0.00834193,Unknown,Antidepressant,,,,,,,,,,,,,,,,
GNA11,PHENELZINE,0.372884275,inhibitor (INHIBITORY),Antidepressant,,,,,,,,,,,,,,,,
AR,PHENELZINE SULFATE,0.008295534,Unknown,Antidepressant,,,,,,,,,,,,,,,,
CYP3A4,PHENELZINE SULFATE,0.00834193,Unknown,Antidepressant,,,,,,,,,,,,,,,,
IDH1,PROTRIPTYLINE HYDROCHLORIDE,0.042236083,Unknown,Antidepressant,,,,,,,,,,,,,,,,
CYP3A4,REBOXETINE,0.019464504,Unknown,Antidepressant,,,,,,,,,,,,,,,,
CYP2B6,SELEGILINE,0.2447053057447759,Unknown,Antidepressant,,,,,,,,,,,,,,,,
CYP3A4,SELEGILINE,0.023357404,Unknown,Antidepressant,,,,,,,,,,,,,,,,
AR,SERTRALINE HYDROCHLORIDE,0.002903437,Unknown,Antidepressant,,,,,,,,,,,,,,,,
CFL1,SERTRALINE HYDROCHLORIDE,0.6525474819860692,Unknown,Antidepressant,,,,,,,,,,,,,,,,
CYP2C18,SERTRALINE HYDROCHLORIDE,0.8700633093147588,Unknown,Antidepressant,rs11188059,rs2860840,,,,,,,,,,,,,,
CYP3A4,SERTRALINE HYDROCHLORIDE,0.002919676,Unknown,Antidepressant,,,,,,,,,,,,,,,,
IDH1,SERTRALINE HYDROCHLORIDE,0.006335412,Unknown,Antidepressant,,,,,,,,,,,,,,,,
REEP5,SERTRALINE HYDROCHLORIDE,1.305094963972138,Unknown,Antidepressant,rs153549,rs153560,,,,,,,,,,,,,,
CP,TRANYLCYPROMINE,0.2762105743856377,inhibitor (INHIBITORY),Antidepressant,,,,,,,,,,,,,,,,
KDM1A,TRANYLCYPROMINE,2.983074203364888,Unknown,Antidepressant,,,,,,,,,,,,,,,,
KDM1A,TRANYLCYPROMINE HYDROCHLORIDE,5.220379855888553,Unknown,Antidepressant,,,,,,,,,,,,,,,,
HTR2A,TRAZODONE,0.1003919203055491,inhibitor (INHIBITORY),Antidepressant,,,,,,,,,,,,,,,,
BDNF,TRIMIPRAMINE,0.012861246,Unknown,Antidepressant,,,,,,,,,,,,,,,,
CACNG2,TRIMIPRAMINE,0.093054899,Unknown,Antidepressant,,,,,,,,,,,,,,,,
CYP2B6,TRIMIPRAMINE,0.024717708,Unknown,Antidepressant,,,,,,,,,,,,,,,,
CYP3A4,TRIMIPRAMINE,0.0017695,Unknown,Antidepressant,,,,,,,,,,,,,,,,
EPHX1,TRIMIPRAMINE,0.1216871761279383,Unknown,Antidepressant,,,,,,,,,,,,,,,,
GRIK2,TRIMIPRAMINE,0.068779708,Unknown,Antidepressant,,,,,,,,,,,,,,,,
HTR2A,TRIMIPRAMINE,0.015210897,Unknown,Antidepressant,,,,,,,,,,,,,,,,
NEFM,TRIMIPRAMINE,0.2259904699518854,Unknown,Antidepressant,,,,,,,,,,,,,,,,
RGS4,TRIMIPRAMINE,0.01550915,Unknown,Antidepressant,,,,,,,,,,,,,,,,
HTR2A,TRIMIPRAMINE MALEATE,0.06274495,inhibitor (INHIBITORY),Antidepressant,,,,,,,,,,,,,,,,
BDNF,VENLAFAXINE,0.070736854,Unknown,Antidepressant,rs6265,,,,,,,,,,,,,,,
GRIA3,VENLAFAXINE,0.2071579307892283,Unknown,Antidepressant,rs502434,rs3761554,rs3761555,,,,,,,,,,,,,
HTR2A,VORTIOXETINE HYDROBROMIDE,0.038612277,Unknown,Antidepressant,,,,,,,,,,,,,,,,
HTR3A,VORTIOXETINE HYDROBROMIDE,0.1784745249876428,inhibitor (INHIBITORY),Antidepressant,,,,,,,,,,,,,,,,
SERPINA3,VORTIOXETINE HYDROBROMIDE,0.07045047,inhibitor (INHIBITORY),Antidepressant,,,,,,,,,,,,,,,,
ATP10A,DULOXETINE,0,None,Antidepressant,rs12595802,,,,,,,,,,,,,,,
BDNF-AS,ANTIDEPRESSANT AGENT,0,None,Antidepressant,rs10501087,,,,,,,,,,,,,,,
HTR2A,ANTIDEPRESSANT AGENT,0,None,Antidepressant,rs6311,rs6313,rs7997012,rs6314,rs17288723,,,,,,,,,,,
MAPK1,ANTIDEPRESSANT AGENT,0,None,Antidepressant,rs6928,rs13515,rs8136867,,,,,,,,,,,,,
NTRK2,ANTIDEPRESSANT AGENT,0,None,Antidepressant,rs2289656,rs2289657,rs2289658,rs1778933,rs1187352,rs10868235,rs1867283,rs11140800,rs1147198,rs1187286,rs1387923,rs1439050,rs3824519,,,
CYP2B6,BUPROPION,0,None,Antidepressant,Unknown Variant,rs8109525,rs2279343,rs3211371,rs12721655,rs3745274,rs8192709,rs535039125,rs201500445,rs374099483,rs200458614,rs148009906,rs764288403,rs58871670,rs200238771,rs117872433
HTR2A,BUPROPION,0,None,Antidepressant,rs2770296,,,,,,,,,,,,,,,
BDNF,CITALOPRAM,0,None,Antidepressant,rs6265,rs7103411,rs7124442,,,,,,,,,,,,,
BDNF-AS,CITALOPRAM,0,None,Antidepressant,rs6265,,,,,,,,,,,,,,,
CYP3A4,CITALOPRAM,0,None,Antidepressant,rs2740574,,,,,,,,,,,,,,,
HTR2A,CITALOPRAM,0,None,Antidepressant,rs6311,rs6313,rs17289304,rs6305,rs7997012,,,,,,,,,,,
TPH2,CITALOPRAM,0,None,Antidepressant,rs4570625,rs1386494,,,,,,,,,,,,,,
TSPAN5,CITALOPRAM,0,None,Antidepressant,rs11947402,,,,,,,,,,,,,,,
HTR2A,CLOMIPRAMINE,0,None,Antidepressant,rs6313,,,,,,,,,,,,,,,
HTR2A,DESVENLAFAXINE,0,None,Antidepressant,rs6313,,,,,,,,,,,,,,,
ATP10A,DULOXETINE,0,None,Antidepressant,rs12595802,,,,,,,,,,,,,,,
BDNF,DULOXETINE,0,None,Antidepressant,rs6265,,,,,,,,,,,,,,,
HTR2A,DULOXETINE,0,None,Antidepressant,rs7997012,rs6313,rs6311,,,,,,,,,,,,,
INVS,DULOXETINE,0,None,Antidepressant,rs10123866,,,,,,,,,,,,,,,
NRXN1,DULOXETINE,0,None,Antidepressant,rs4971678,,,,,,,,,,,,,,,
BDNF,ESCITALOPRAM,0,None,Antidepressant,rs6265,rs7103411,rs962369,,,,,,,,,,,,,
BDNF-AS,ESCITALOPRAM,0,None,Antidepressant,rs11030101,,,,,,,,,,,,,,,
CYP2C18,ESCITALOPRAM,0,None,Antidepressant,rs11188059,rs2860840,,,,,,,,,,,,,,
ERICH3,ESCITALOPRAM,0,None,Antidepressant,rs11580409,,,,,,,,,,,,,,,
HTR2A,ESCITALOPRAM,0,None,Antidepressant,rs6311,rs3803189,rs6313,rs7997012,rs9316233,,,,,,,,,,,
RFK,ESCITALOPRAM,0,None,Antidepressant,rs11144870,,,,,,,,,,,,,,,
TSPAN5,ESCITALOPRAM,0,None,Antidepressant,rs11947402,,,,,,,,,,,,,,,
BDNF,FLUOXETINE,0,None,Antidepressant,rs6265,rs61888800,,,,,,,,,,,,,,
PDLIM5,FLUOXETINE,0,None,Antidepressant,rs2452600,,,,,,,,,,,,,,,
TPH2,FLUOXETINE,0,None,Antidepressant,rs4570625,rs1386494,,,,,,,,,,,,,,
BDNF,FLUVOXAMINE,0,None,Antidepressant,rs6265,,,,,,,,,,,,,,,
HTR2A,FLUVOXAMINE,0,None,Antidepressant,rs6311,rs3803189,rs6313,rs7997012,,,,,,,,,,,,
HTR3A,FLUVOXAMINE,0,None,Antidepressant,rs1062613,,,,,,,,,,,,,,,
CYP2B6,HYDROXYBUPROPION,0,None,Antidepressant,Unknown Variant,rs3745274,,,,,,,,,,,,,,
BDNF,IMIPRAMINE,0,None,Antidepressant,rs6265,,,,,,,,,,,,,,,
BDNF,MILNACIPRAN,0,None,Antidepressant,rs6265,,,,,,,,,,,,,,,
HTR2A,MILNACIPRAN,0,None,Antidepressant,rs6311,,,,,,,,,,,,,,,
BDNF,MIRTAZAPINE,0,None,Antidepressant,rs6265,,,,,,,,,,,,,,,
CYP2B6,MIRTAZAPINE,0,None,Antidepressant,Unknown Variant,,,,,,,,,,,,,,,
HTR2A,MOCLOBEMIDE,0,None,Antidepressant,rs6313,,,,,,,,,,,,,,,
HTR2A,NORTRIPTYLINE,0,None,Antidepressant,rs7997012,rs6313,,,,,,,,,,,,,,
BDNF,PAROXETINE,0,None,Antidepressant,rs6265,,,,,,,,,,,,,,,
HTR2A,PAROXETINE,0,None,Antidepressant,rs6313,rs6314,rs6311,rs17289304,rs6305,rs7997012,,,,,,,,,,
HTR3A,PAROXETINE,0,None,Antidepressant,rs1062613,rs1176722,rs1176713,rs1386494,,,,,,,,,,,,
TPH2,PAROXETINE,0,None,Antidepressant,rs1386494,,,,,,,,,,,,,,,
CAP2,SELECTIVE SEROTONIN REUPTAKE INHIBITORS,0,None,Antidepressant,rs910039,,,,,,,,,,,,,,,
DGCR5,SELECTIVE SEROTONIN REUPTAKE INHIBITORS,0,None,Antidepressant,rs1210638,,,,,,,,,,,,,,,
GAL,SELECTIVE SEROTONIN REUPTAKE INHIBITORS,0,None,Antidepressant,rs948854,,,,,,,,,,,,,,,
GRIA1,SELECTIVE SEROTONIN REUPTAKE INHIBITORS,0,None,Antidepressant,rs1994862,,,,,,,,,,,,,,,
GRIA3,SELECTIVE SEROTONIN REUPTAKE INHIBITORS,0,None,Antidepressant,rs502434,rs3761554,rs3761555,,,,,,,,,,,,,
HTR2A,SELECTIVE SEROTONIN REUPTAKE INHIBITORS,0,None,Antidepressant,rs6311,rs6313,rs7997012,rs1928040,,,,,,,,,,,,
MTCL1,SELECTIVE SEROTONIN REUPTAKE INHIBITORS,0,None,Antidepressant,rs2377898,,,,,,,,,,,,,,,
OSMR,SELECTIVE SEROTONIN REUPTAKE INHIBITORS,0,None,Antidepressant,rs74378198,,,,,,,,,,,,,,,
PHACTR1,SELECTIVE SEROTONIN REUPTAKE INHIBITORS,0,None,Antidepressant,rs4615376,,,,,,,,,,,,,,,
PLCB1,SELECTIVE SEROTONIN REUPTAKE INHIBITORS,0,None,Antidepressant,rs6108160,,,,,,,,,,,,,,,
STMN2,SELECTIVE SEROTONIN REUPTAKE INHIBITORS,0,None,Antidepressant,rs113889867,,,,,,,,,,,,,,,
BDNF,SERTRALINE,0,None,Antidepressant,rs6265,,,,,,,,,,,,,,,
BDNF-AS,SERTRALINE,0,None,Antidepressant,rs6265,,,,,,,,,,,,,,,
CYP2B6,SERTRALINE,0,None,Antidepressant,Unknown Variant,,,,,,,,,,,,,,,
HTR2A,SERTRALINE,0,None,Antidepressant,rs6313,rs6311,rs17289304,rs3803189,rs6305,rs3742278,rs7997012,,,,,,,,,
HTR2A,VENLAFAXINE,0,None,Antidepressant,rs9567746,rs2274639,rs6311,rs6313,rs7997012,,,,,,,,,,,
TPH2,VENLAFAXINE,0,None,Antidepressant,rs11178998,rs11178997,rs4570625,rs1487278,,,,,,,,,,,,